[
  {
    "id": "94d9a0f8-811a-4bc5-834b-f4fc30cbbb67",
    "data": [
      {
        "text": "de acuerdo",
        "userDefined": false
      }
    ],
    "isTemplate": false,
    "count": 0,
    "lang": "es",
    "updated": 0
  },
  {
    "id": "c82ff3b0-9787-42c2-94a9-271e0bdd67d6",
    "data": [
      {
        "text": "vale",
        "userDefined": false
      }
    ],
    "isTemplate": false,
    "count": 0,
    "lang": "es",
    "updated": 0
  },
  {
    "id": "dbde15de-2ef4-4e6d-8cc5-b15ea2462b1f",
    "data": [
      {
        "text": "okay",
        "userDefined": false
      }
    ],
    "isTemplate": false,
    "count": 0,
    "lang": "es",
    "updated": 0
  },
  {
    "id": "27705ca1-08e4-4cd2-bfaf-283c6b3730de",
    "data": [
      {
        "text": "esta bien",
        "userDefined": false
      }
    ],
    "isTemplate": false,
    "count": 0,
    "lang": "es",
    "updated": 0
  },
  {
    "id": "3021b8ab-27d5-4686-a03d-83f2695b6748",
    "data": [
      {
        "text": "ok",
        "userDefined": false
      }
    ],
    "isTemplate": false,
    "count": 0,
    "lang": "es",
    "updated": 0
  }
]