[
  {
    "id": "ce020425-227c-42d2-99f0-caa0a7e95339",
    "data": [
      {
        "text": "cuadra",
        "meta": "@sys.location",
        "alias": "location",
        "userDefined": false
      }
    ],
    "isTemplate": false,
    "count": 0,
    "lang": "es",
    "updated": 0
  },
  {
    "id": "97be8bd7-7a47-4a84-a539-e80ecb473f78",
    "data": [
      {
        "text": "pasajeesquina",
        "userDefined": false
      }
    ],
    "isTemplate": false,
    "count": 0,
    "lang": "es",
    "updated": 0
  },
  {
    "id": "faaf7916-2239-41e6-bf19-266a689a2565",
    "data": [
      {
        "text": "pasaje",
        "userDefined": false
      }
    ],
    "isTemplate": false,
    "count": 0,
    "lang": "es",
    "updated": 0
  },
  {
    "id": "f5367f32-6a70-40f1-bbde-82df2debb86c",
    "data": [
      {
        "text": "ovaloav",
        "userDefined": false
      }
    ],
    "isTemplate": false,
    "count": 0,
    "lang": "es",
    "updated": 0
  },
  {
    "id": "38c0d280-d4bc-45e1-9dbd-27954cf1addc",
    "data": [
      {
        "text": "ovalo",
        "userDefined": false
      }
    ],
    "isTemplate": false,
    "count": 0,
    "lang": "es",
    "updated": 0
  },
  {
    "id": "0f42419e-d5ed-4c4e-85c7-ce9c71da6358",
    "data": [
      {
        "text": "calle",
        "userDefined": false
      }
    ],
    "isTemplate": false,
    "count": 0,
    "lang": "es",
    "updated": 0
  },
  {
    "id": "76584550-28fa-4505-bf67-ecbcb55aee79",
    "data": [
      {
        "text": "avenida",
        "userDefined": false
      }
    ],
    "isTemplate": false,
    "count": 0,
    "lang": "es",
    "updated": 0
  },
  {
    "id": "a5cfd988-4c4a-411b-8ede-a41ad01c1515",
    "data": [
      {
        "text": "direccion",
        "userDefined": true
      }
    ],
    "isTemplate": false,
    "count": 0,
    "lang": "es",
    "updated": 0
  }
]