[
  {
    "id": "58ad87d3-ecde-4ebc-b059-39eeafc486f8",
    "data": [
      {
        "text": "quisiera realizar ",
        "userDefined": false
      },
      {
        "text": "un",
        "userDefined": false
      },
      {
        "text": " pedido de ",
        "userDefined": false
      },
      {
        "text": "alitas fritas",
        "meta": "@sys.any",
        "alias": "any",
        "userDefined": true
      },
      {
        "text": " a nombre de ",
        "userDefined": false
      },
      {
        "text": "Josue Mamani",
        "meta": "@sys.person",
        "alias": "person",
        "userDefined": false
      }
    ],
    "isTemplate": false,
    "count": 0,
    "lang": "es",
    "updated": 0
  },
  {
    "id": "920e50cb-9929-4947-b307-277bd24f4814",
    "data": [
      {
        "text": "quiero hacer ",
        "userDefined": false
      },
      {
        "text": "un",
        "userDefined": false
      },
      {
        "text": " pedido",
        "userDefined": false
      }
    ],
    "isTemplate": false,
    "count": 0,
    "lang": "es",
    "updated": 0
  },
  {
    "id": "2e30826b-f942-46d3-9a4f-faa41d5f4a8e",
    "data": [
      {
        "text": "quiero ordenar",
        "userDefined": false
      }
    ],
    "isTemplate": false,
    "count": 0,
    "lang": "es",
    "updated": 0
  },
  {
    "id": "b02fb6b6-1b11-4edb-ae1c-3b313860a53e",
    "data": [
      {
        "text": "pedido",
        "userDefined": false
      }
    ],
    "isTemplate": false,
    "count": 0,
    "lang": "es",
    "updated": 0
  },
  {
    "id": "d59a2188-cfed-4df4-8882-e925abd2db64",
    "data": [
      {
        "text": "ordenar",
        "userDefined": false
      }
    ],
    "isTemplate": false,
    "count": 0,
    "lang": "es",
    "updated": 0
  },
  {
    "id": "226acfc4-98b4-4d6c-920d-3e84cd93403a",
    "data": [
      {
        "text": "orden",
        "userDefined": false
      }
    ],
    "isTemplate": false,
    "count": 0,
    "lang": "es",
    "updated": 0
  }
]