[
  {
    "id": "6c0d0e59-6ddc-4333-8d42-d6a75d4fc953",
    "data": [
      {
        "text": "reservar",
        "userDefined": false
      }
    ],
    "isTemplate": false,
    "count": 0,
    "lang": "es",
    "updated": 0
  },
  {
    "id": "fc51d992-3e80-444a-8731-6f327df7a8c3",
    "data": [
      {
        "text": "quiero almorzar",
        "userDefined": false
      }
    ],
    "isTemplate": false,
    "count": 0,
    "lang": "es",
    "updated": 0
  },
  {
    "id": "4448b6fd-d6d1-4e8c-bd4c-d5aa84cd4184",
    "data": [
      {
        "text": "quiero cenar",
        "userDefined": false
      }
    ],
    "isTemplate": false,
    "count": 0,
    "lang": "es",
    "updated": 0
  },
  {
    "id": "07f668db-0156-4a56-8e75-7d91df029b63",
    "data": [
      {
        "text": "quiero ",
        "userDefined": false
      },
      {
        "text": "comer",
        "userDefined": false
      }
    ],
    "isTemplate": false,
    "count": 0,
    "lang": "es",
    "updated": 0
  },
  {
    "id": "df069f83-d8bf-401c-aba8-bc703b20dfe1",
    "data": [
      {
        "text": "quiero separar ",
        "userDefined": false
      },
      {
        "text": "una",
        "meta": "@sys.number",
        "alias": "number",
        "userDefined": false
      },
      {
        "text": " mesa",
        "userDefined": false
      }
    ],
    "isTemplate": false,
    "count": 0,
    "lang": "es",
    "updated": 0
  },
  {
    "id": "a8eb478f-5cba-4e39-826f-89796a73bba5",
    "data": [
      {
        "text": "reservacion",
        "userDefined": false
      }
    ],
    "isTemplate": false,
    "count": 0,
    "lang": "es",
    "updated": 0
  },
  {
    "id": "0ecfc907-794c-4f23-bfab-9e905606497c",
    "data": [
      {
        "text": "quiero hacer ",
        "userDefined": false
      },
      {
        "text": "una",
        "userDefined": false
      },
      {
        "text": " reserva",
        "userDefined": false
      }
    ],
    "isTemplate": false,
    "count": 0,
    "lang": "es",
    "updated": 0
  },
  {
    "id": "d2e85b5e-56b0-46db-8ca3-54504e66aca9",
    "data": [
      {
        "text": "Quiero hacer ",
        "userDefined": false
      },
      {
        "text": "una",
        "userDefined": false
      },
      {
        "text": " reserva el ",
        "userDefined": false
      },
      {
        "text": "10 de marzo",
        "meta": "@sys.date",
        "alias": "date",
        "userDefined": false
      },
      {
        "text": " a las ",
        "userDefined": false
      },
      {
        "text": "2 de la tarde",
        "meta": "@sys.time",
        "alias": "time",
        "userDefined": true
      },
      {
        "text": " para ",
        "userDefined": false
      },
      {
        "text": "3 personas",
        "meta": "@sys.number",
        "alias": "number",
        "userDefined": true
      },
      {
        "text": " a nombre de ",
        "userDefined": false
      },
      {
        "text": "Josue Perez",
        "meta": "@sys.person",
        "alias": "person",
        "userDefined": true
      }
    ],
    "isTemplate": false,
    "count": 0,
    "lang": "es",
    "updated": 0
  }
]