[
  {
    "id": "cbd79b94-faa1-4de2-8297-2064023213bb",
    "data": [
      {
        "text": "comidas",
        "userDefined": false
      }
    ],
    "isTemplate": false,
    "count": 0,
    "lang": "es",
    "updated": 0
  },
  {
    "id": "198c5ebf-e25f-4904-8539-ed0aa1337301",
    "data": [
      {
        "text": "platos",
        "userDefined": false
      }
    ],
    "isTemplate": false,
    "count": 0,
    "lang": "es",
    "updated": 0
  },
  {
    "id": "85fbbece-fcc8-438e-be2a-65a8732f7e00",
    "data": [
      {
        "text": "platillo",
        "userDefined": false
      }
    ],
    "isTemplate": false,
    "count": 0,
    "lang": "es",
    "updated": 0
  },
  {
    "id": "7d7d0ef3-d87e-42c4-82fd-8592e5ea2c2a",
    "data": [
      {
        "text": "platillos",
        "userDefined": false
      }
    ],
    "isTemplate": false,
    "count": 0,
    "lang": "es",
    "updated": 0
  },
  {
    "id": "0fc525b0-21ac-48ee-a5f0-2b9a7efac507",
    "data": [
      {
        "text": "carta",
        "userDefined": false
      }
    ],
    "isTemplate": false,
    "count": 0,
    "lang": "es",
    "updated": 0
  },
  {
    "id": "eda388a2-c406-4e38-a78c-c5ad2e85b4b2",
    "data": [
      {
        "text": "Quiero ver la ",
        "userDefined": false
      },
      {
        "text": "carta",
        "userDefined": true
      }
    ],
    "isTemplate": false,
    "count": 0,
    "lang": "es",
    "updated": 0
  }
]