[
  {
    "id": "7b7839a0-4f5a-41d5-9a35-ff6ab5517a73",
    "data": [
      {
        "text": "buenos dias",
        "userDefined": false
      }
    ],
    "isTemplate": false,
    "count": 2,
    "lang": "es",
    "updated": 0
  },
  {
    "id": "f1b6e839-0d97-459d-b5d5-2362dcc93ce5",
    "data": [
      {
        "text": "Hi",
        "meta": "@sys.geo-state",
        "alias": "geo-state",
        "userDefined": false
      }
    ],
    "isTemplate": false,
    "count": 1,
    "lang": "es",
    "updated": 0
  },
  {
    "id": "814a5bda-d7fa-429e-a13c-5531c34d83c6",
    "data": [
      {
        "text": "saludos",
        "userDefined": false
      }
    ],
    "isTemplate": false,
    "count": 0,
    "lang": "es",
    "updated": 0
  },
  {
    "id": "d75b30b5-35a3-442d-a60a-ae3e1d62f880",
    "data": [
      {
        "text": "Hola",
        "meta": "@sys.geo-city",
        "alias": "geo-city",
        "userDefined": false
      }
    ],
    "isTemplate": false,
    "count": 0,
    "lang": "es",
    "updated": 0
  }
]